"ItemCode","Barcode"
"2000008","8992628004138"
"8000003","18998009010610"
"1000033","1971197858821"
"15000016","4717270579889"
"24000008","8992696419162"
"15000005","711844130715"
"17000033","4923125560043"
"17000103","18992702002569"
"16000055","5740900401310"
"14000192","8990062000464"
"69000002","8886030525919"
"69000015","8999999561727"
"5000037","1899329621002"
"14000179","899999900875"
"16000024","8992628111133"
"20000040","8888900400111"
"27000010","64420900067"
"24000041","8992138212504"
"14000032","8992814881031"
"20000038","8994357010015"
"15000015","41790002102"
"39000015","8991818000004"
"40000001","8851932441414"
"72000043","8992779141409"
"11000083","9556041602198"
"15000020","78895300048"
"15000002","71184411051"
"70000002","8998899013169"
"75000029","8998899001128"
"15000120","7889530003"
"15000004","711844120617"
"12000009","8992822443139"
"11000002","13000573108"
"69000004","8999999604264"
"14000009","8999999090203"
"20000037","8994061800261"
"3000024","749921020284"
"78000002","8992742370683"
"5000031","8993080104503"
"15000046","8997034020048"
"73000172","8886030324802"
"25000002","8999999041670"
"14000015","1174723420"
"27000006","8998888150981"
"30000046","8992761111014"
"72000011","8886030225963"
"15000033","5000111001540"
"2000001","8992628010139"
"15000058","8997151800011"
"8000008","8999898962533"
"5000018","8993296715012"
"18000001","4800361000239"
"2000023","8410179099965"
"20222309","6934497702106"
"14000082","649626121081"
"1000005","1971197858822"
"12000013","6922723300288"
"2000004","41790001358"
"72000010","8886030805912"
"28000022","8992761111038"
"72000016","8992779637308"
"25000012","8886007811052"
"15000038","8993366201315"
"15000077","8991199322191"
"36000005","8992993523524"
"17000016","8719200171435"
"20000039","8888900400319"
"25000005","8999999195670"
"14000019","8992770011114"
"15000022","4179000011"
"68000001","8999999518998"
"20000052","8888900500910"
"17000011","18992628600177"
"11000009","24000163022"
"17000122","8719200171442"
"5000021","8714700527003"
"45000023","1005577301390"
"4000003","8992696405493"
"72000014","8992779634307"
"11000006","8997029980845"
"14000023","4151037"
"51000003","8888003215209"
"75000017","8992745140962"
"15000039","1121000001"
"75000026","8998899001470"
"23000003","8991001400024"
"69000008","8998866109352"
"15000029","8992774875002"
"17000142","8998009070037"
"12000027","53800028217"
"69000003","8998866105156"
"45000022","5412588022292"
"72000002","8992779013904"
"25000035","8994460910073"
"11000023","8710459101242"
"28000020","8992761111298"
"15000066","8998888710116"
"24000001","8992696400931"
"14000192","8992770088895"
"5000005","8993093115008"
"72000008","8998866696609"
"11000030","8410159404055"
"25000034","8994460910080"
"75000014","8998899001623"
"17000052","899588810568"
"17000012","8993492102722"
"3000023","8992993527508"
"27000009","8997224950117"
"27000013","8998888110817"
"79000038","8990062000082"
"75000013","8998899400372"
"75000041","89927445320241"
"25000037","8994460910080"
"11000031","4898828019696"
"45000001","8993492101053"
"14000096","4901515118425"
"15000006","8998888710130"
"18000011","8992696525351"
"77000029","8992774493602"
"17000040","8992822106508"
"14000033","8992814881017"
"25000036","8994460910066"
"12000016","41580530013"
"7400008","7237846781319"
"15000093","711844110052"
"30000043","8998888113610"
"15000040","13000008525"
"20222312","8992761111670"
"29000004","8886008101053"
"14000153","41500819389"
"17000042","54061057"
"38000001","8997226690554"
"14000197","6922130108040"
"12000010","8887333090029"
"15000098","41790000047"
"14000116","8992770034199"
"17000153","9421016151493"
"30000036","8886008101336"
"15000068","8997034020123"
"15000050","711844120310"
"72000032","8992779226403"
"16000058","8410159092085"
"69000013","8999999006006"
"15000065","6901017331207"
"27000012","8998888110718"
"14000073","71184413031"
"23000009","8992993523548"
"69000012","8998866670807"
"37000093","8992760221028"
"15000001","8999999502010"
"11000062","6920120218014"
"74000002","8886020038078"
"15000054","711844130012"
"79000035","8997223740078"
"10000002","8997027902207"
"14000176","8997014380025"
"15000024","1300000812"
"5000067","8993093664605"
"20000065","8888900502020"
"12000005","8410159044336"
"20000060","8888900502068"
"15000063","8998888710215"
"84000002","8992747180225"
"72000013","8992779638305"
"15000085","8999999091088"
"8000010","899270200025"
"15000019","6917878004488"
"17000047","8992705015101"
"45000002","8993492101060"
"17000043","3516664010004"
"11000008","24000163015"
"62000061","8999999519971"
"16000057","8995952736317"
"40000004","8998888461186"
"80000014","8993053186475"
"15000105","8991003070386"
"20222312","8076809545389"
"16000031","6922877792700"
"70000007","8999999571535"
"15000044","5000111001007"
"15000122","8999999100506"
"8000045","8993007001465"
"20000087","6902482000070"
"75000011","8992745320050"
"14000170","8997014380063"
"15000141","78895700015"
"24000003","8992735110050"
"15000035","8998888712127"
"70000013","8998899013107"
"20000055","8998866200851"
"14000188","8992735110067"
"14000196","8992770096142"
"16000016","6922877792731"
"27000011","8998888110213"
"20000090","8997011700123"
"15000027","711844115033"
"15000051","711844120013"
"5000004","8997001245603"
"72000035","8992779011405"
"27000008","8998888110114"
"25000023","9310494035633"
"15000064","8992917196537"
"15000003","711844115217"
"16000058","8995952703319"
"17000141","8998009070075"
"14000171","8997014380124"
"29000003","8886008101091"
"30000044","8992761145118"
"29000008","8998009020179"
"72000036","8992779014109"
"17000134","8998009080500"
"72000033","8992779251306"
"9000001","7610294001129"
"29000006","8886008101046"
"72000021","8998866607315"
"11000014","6901009080021"
"11000090","8000320030093"
"29000013","8998009020186"
"11000039","8001440127021"
"58000167","6921180820049"
"16000059","8995952738311"
"17000062","8001200107621"
"14000172","8997014380155"
"14000165","8997014380148"
"14000173","8997014380131"
"18000009","9310060012020"
"30000062","9310494042457"
"15000060","8991818102005"
"14000057","6921180820018"
"39000011","8991818080013"
"5000013","8993080333002"
"15000154","8992717102509"
"74000008","6901279851338"
"27000001","8998888110619"
"14000022","8992735110029"
"14000167","8997014380070"
"25000011","8886007811236"
"25000024","9310494035657"
"79000011","8990062000303"
"79000038","8990062000082"
"45000003","8993492101046"
"25000025","9310494035640"
"72000048","8886030229961"
"29000056","8999898410034"
"72000044","8998866604390"
"80000039","4902870762131"
"80000021","8991389301685"
"25000030","9310494035671"
"25000026","9310494035664"
"72000052","8992779600203"
"20000036","8076800376999"
"72000009","8886030653902"
"28000012","8992761111731"
"1000024","8995899130322"
"11000011","6935897608340"
"2000007","8992628004138"
"74000002","8886020033387"
"75000040","8992745120650"
"28000006","8992761111724"
"14000024","8992735110012"
"15000034","8850213107506"
"80000019","8991389241592"
"80000015","8991389291061"
"20000071","8998866629881"
"80000026","8991389291153"
"80000028","8993988065258"
"75000005","8992779224003"
"20222311","8998866200325"
"14000101","8992735110043"
"25000019","9310494035732"
"72000019","8992779023606"
"80000039","14902870762138"
"1000002","1971197858823"
"84000003","8999999407919"
"85000004","8992745600350"
"85000005","8992262987781"