"ItemCode","ItemName","RackNo"
"05000031","BAKING POWDER 'HERCULES' 450 GR","R3-03-01-01"
"79000038","ALUMINIUM FOIL BESFRESH 45X7.6 MTR","R2-09-02-01"
"12000016","CHERRY RED SMALL10 OZ","R2-02-01-01"
"17000165","SLICE CHEESE KRAFT 75 GR 5'S (54 PCS )","R2-13-02-01"
"20222314","LA CASA SPAGETI GLUTEN FREE BROWN RICE 250 GR","R2-03-02-01"
"20222315","LA CASA FUSILI HLUTEN FREE SOY FLOUR 250 GR","R2-03-02-01"
"20222316","LA CASA FETTUCINE GLUTEN FREE CORN FLOUR 250 GR","R2-03-02-01"
"28000027","DR PEPPER CHERRY 12 OZ","R3-03-01-01"
"15000061","S&W DISTILLED WHITE VINEGAR 16 OZ","R2-04-01-01"
"14000074","S&W APPLE CIDER VINEGAR 16 OZ","R2-04-01-01"
"03000001","GULA IMPORT 1 KG","F5-01-01-01"
"02000008","MINYAK BIMOLI 18 LTR JIREGAN","F1-01-01-01"
"08000003","SUSU ULTRA 1 LT PLAIN","R1-01-01-01"
"01000033","BERAS PUTRI 25 KG","F1-01-01-01"
"05000001","TEPUNG TERIGU CAKRA 25 KG","F1-01-01-01"
"15000016","SALAD OIL LILY 3 LTR","R2-12-01-01"
"24000008","NESCAFE CLASS NEW PORTION/PACK","R3-08-02-01"
"15000005","TOMATO GALON ABC 5,7 KG","R2-11-01-01"
"17000033","BLOSOM HONEY BESAR GR","R3-08-01-01"
"17000103","BUTTER AUSTRALIAN 10 KG","FREEZER"
"16000055","BUTTER MINI LURPAK","FREEZER"
"15000031","SANTAN KARA 1 LTR","R2-03-01-01"
"03000022","GULA PORSI 250'S ( BESAR )","R2-16-01-01"
"05000037","TEPUNG TERIGU SEGITIGA TRASPARAN 1KG","F1-01-01-01"
"14000179","CHICKEN POWDER REFIL 1 KG","R2-05-01-01"
"16000024","SALAD OIL HAPPY 5 LTR","R2-15-01-01"
"20000040","SPAGHETTI IND.11 LAVONTE 450 GR","R2-01-01-01"
"27000010","COUNTRY KITCHEN /LOG CABIN SYRUP 700 ML","R3-06-01-01"
"24000041","COFFE BOLA DUNIA 200 GR","R1-01-01-01"
"14000032","BUMBU SATE ENAK ECO 185 GR","R2-03-01-01"
"20000038","MIE ATOM BULAN (PACK)","R1-01-02-01"
"15000015","OLIVE OIL BERTOLI EXTRA VIRGIN 1 LTR","R2-04-01-01"
"03000002","GULA LOKAL 1 KG","F5-01-01-01"
"39000015","KERUPUK UDANG NUSANTARA FINNA 380 GR","R2-16-01-01"
"16000010","JAM STRAWBERRY BANNER 72x20gr","R3-01-01-01"
"40000001","MAYONAISE 3 KG HELMAN EX KNOR","R2-09-01-01"
"11000083","BACKED BEAN AYAM BRAND 425 GR","R2-10-01-01"
"15000020","OYSTER SAUCE LKK CAN 80 OZ","R3-04-01-01"
"15000002","KECAP MANIS ABC GLN 6 KG","R2-11-01-01"
"15000120","OYSTER SAUCE LKK 907 ML","R3-07-01-01"
"15000004","SAMBAL ABC GALON 6 KG","R2-13-01-01"
"12000009","LYCHEE CAN 565 GR","R3-04-01-01"
"11000002","TOMATO PASTE USA HEINZ 3,147 KG","R2-12-01-01"
"20000037","BIHUN AA SUPER","R1-02-01-01"
"03000024","TROPICANA SLIM 160 SACHET","R2-14-01-01"
"05000031","BAKING POWDER 'HERCULES' 450 GR","R3-03-01-01"
"15000046","SESAME OIL 600 ML","R3-08-01-01"
"25000002","TEA LIPTON 100'S( ENVELOP )","R2-02-02-01"
"01000022","TEPUNG PANKO  1 KG","F1-01-01-01"
"14000015","GARAM DOLPHIN 01 KG","R2-07-01-01"
"27000006","SUNQUICK ORANGE 2 LTR","R2-13-01-01"
"30000046","COCA COLA CAN 330 ML","R3-02-01-01"
"05000028","TEPUNG TERIGU SEGITIGA  25 KG","F1-01-01-01"
"15000033","LEA PERINS 10 OZ","R3-07-01-01"
"02000001","MINYAK BIMOLI 5 LTR","R2-17-01-01"
"15000058","RAJA RASA SAOS 600 ML","R3-08-01-01"
"08000008","SUSU DIAMOND FULL CREAM 1 LT","R3-01-01-01"
"05000018","TEPUNG TERIGU CAKRA TRANSPARAN 1 KG","F1-01-01-01"
"18000001","NESTLE KOKO KRUNCH 300GR /PACK","R3-06-02-01"
"36000001","CREAMER SACHET 250","R2-14-01-01"
"02000023","OLIVE OIL EXTRA VIRGIN 5 LTR BORGES","R2-13-01-01"
"20222309","KWETIAW CAP MITIAO /ME KUI FA 220 GR","R1-02-01-01"
"14000082","SAMBAL BANGKOK KOKITA GALON","R2-18-01-01"
"01000005","BERAS PUTRI 10 KG ( KECIL )","F1-01-01-01"
"12000013","GREAN LEEAF TOMATO PEELED 2 KG","R2-12-02-01"
"02000004","OLIVE OIL BERTOLI CLASICO 1LTR","R2-04-01-01"
"15000069","SANTAN KARA 200 ML","R2-07-01-01"
"28000022","SPRIT CAN 330 ML","R3-02-01-01"
"16000005","JAM STRAWBERRY BANNER GLN 2,5KG","R3-01-01-01"
"03000008","BROWN SUGAR PORSI 250 SACHET","R3-01-01-01"
"25000012","SOSRO BLACK TEA 25 SACHET","R2-01-02-01"
"15000038","CUKA DIXI 650ML","R3-07-01-01"
"15000077","SAMBAL PECEL KARANGSARI 200 GR","R2-09-01-01"
"36000005","DARK COLATA BLOCK 1 KG","OFFICE"
"16000009","HONEY PORTION BANNER 72x20gr","R2-16-01-01"
"17000016","BLUE BAND 2 KG CAN","R2-16-01-01"
"20000039","FETTUCINE LAFONTE 450GR","R2-01-01-01"
"25000005","SARIWANGI TEA 100 PCS","R2-02-02-01"
"14000019","AJINOMOTO 1KG","R2-03-01-01"
"15000022","BALSAMIX VINEGAR BERTOLI 500 ML","R2-04-01-01"
"73000191","BAKING PAPPER BEST FRESH 45X75M","R2-09-02-01"
"20000052","PENNE LAFONTE 500 GR","R2-01-01-01"
"17000011","AMANDA MARGARINE KUNING 15 KG","R2-12-01-01"
"11000009","CORN WHOLE KERNEL DELMONT 15.25 OZ","R2-10-01-01"
"17000122","BLUE BAND BOX JUMBO 4X5 KG","R2-07-01-01"
"05000021","TEPUNG MAEZENA 300 GR","R3-02-01-01"
"45000023","MC CAIN WEDGES POTATO 2.27 KG","FREEZER"
"04000003","DANCOW FULL CREAM 750GR /PACK","R2-07-02-01"
"11000006","TOMATO PELEED STARVILLAGE","R3-04-01-01"
"11000010","TOMATO PASTE SMALL DELMONTE 6 OZ","R2-10-02-01"
"14000023","MUSTARD FRENCH 6 OZ (KECIL )","R2-04-01-01"
"51000003","SPRING ROLL TJ'S BESAR HOME 8,5","FREEZER"
"80000007","BROWN SUGAR /KG","F5-01-01-01"
"15000039","TABASCO 60 ML","R2-11-02-01"
"23000003","COCOA VAN HOUTEN 80 gr","R3-07-02-01"
"15000029","ROYAL GOLD FISH SAUCE 725 ML","R3-06-01-01"
"17000142","SLICE CHESE KRAFT 10'S 120 GR   ( 30 Pcs )","R2-13-02-01"
"12000027","BLACK OLIVE LINDSEY 6 OZ","R3-03-01-01"
"45000022","CRR TRIANGLE HASH BROWN 2.5 KG","FREEZER"
"72000002","LEMON PLADGE 400GR REFFIL","F4-01-01-01"
"25000035","TURQUOISE TEA ( BUNGA TELENG )","R2-03-02-01"
"11000023","GERKIN /WHOLE DILL 28 OZ","R2-06-01-01"
"28000020","SLIM COLA ZERO 330 ML","R3-03-01-01"
"15000066","TOMATO KETCHUP DELMONTE 340 GR","R2-10-01-01"
"24000001","NESCAFE CLASIC 200 GR","R2-06-01-01"
"14000192","TEPUNG BUMBU SAJIKU 1 KG","R2-03-01-01"
"05000005","TEPUNG BERAS ROSE BRAND 500GR","F1-01-01-01"
"16000011","JAM PINEAPPLE BANNER 72x20gr","R2-14-01-01"
"11000030","CHIRAT CAPER FIGARO 450 GR","R2-06-01-01"
"25000034","AMETHYST TEA (ROSELA )","R2-03-02-01"
"17000052","BLOSOM HONEY 10 KG","R2-15-01-01"
"17000012","MOZARELLA CHEESE KG (PERFECTTO)","FREEZER"
"03000023","ICING SUGAR 1 KG","R2-09-01-01"
"27000009","FRESH LIME JUICE","R2-02-01-01"
"27000013","MARJAN LYCHEE 460 ML","R2-10-01-01"
"25000037","SERENITY CHAI TEA","R2-05-02-01"
"11000031","KNOR PRONTO TOMATO SAUCE 2 KG","R2-10-01-01"
"45000001","STREIGT CUT 1 KG","FREEZER"
"14000096","KIKKOMAN SHOYU 1.6 LTR","R3-08-01-01"
"15000006","TOMATO GALON DELMONTE 6 KG","R2-17-01-01"
"18000011","NESTLE CORN FLAKES 150GR","R2-14-02-01"
"78000029","KNOR TOM YAM 1.5 KG","R2-11-01-01"
"15000032","ARAK MASAK SIAU HING 620 ML","R2-02-01-01"
"17000040","MADU MULTISARI 650 ML","R3-07-01-01"
"14000033","BUMBU GADO-GADO ENAK ECO 185 GR","R2-14-01-01"
"25000036","POWER CHAI TEA","R2-03-02-01"
"05000044","TEPUNG TERIGU SRIBOGA DOUBLE ZERO ZAK","F1-01-01-01"
"15000093","KECAP MANIS BESAR ABC 625 ML","R2-02-01-01"
"16000007","JAM PINEAPPLE BANNER GLN 2,5KG","R2-14-01-01"
"30000043","MARJAN GRENADINE 460 ML","R2-10-01-01"
"18000009","WHITE VIN. HEINZ 16 OZ","R2-04-01-01"
"28000008","TONIC WATER CAN SWEEPES","R3-02-01-01"
"29000004","AQUA 600 ML","F1-01-01-01"
"14000153","MUSTARD FRENCH GALON 105 OZ","R2-18-01-01"
"17000042","BRUGEMEN BIRU 500 GR","R2-15-02-01"
"38000001","KACANG MENTE 1 KG","F5-01-01-01"
"12000001","CHERRY RED GALON 4 KG","R2-02-01-01"
"150000104","TOTOLE KALDU JAMUR 400 GR","R2-12-02-01"
"12000010","DELMONTE PEACH HALVES 29 OZ","R3-03-01-01"
"16000012","JAM ORANGE BANNER 72x20gr","R2-14-01-01"
"15000098","RED WINE VINEGAR BERTOLI 500 ML","R2-06-01-01"
"14000116","MASAKO AYAM 1 KG","R2-03-01-01"
"17000153","BUTTER BULK 1 KG (WESGOLD )","FREEZER"
"30000036","AQUA BOTOL PLASTIK 330 ML","F1-01-01-01"
"15000068","FISH GRAVY NARCICUS 750 ML","R2-02-01-01"
"15000050","SAMBAL ABC STICK 10GR","R2-05-01-01"
"45000019","TRIANGLE HASH BROWNS 2 KG","FREEZER"
"75000036","BLACK OLIVE FIGARO 3 KG","R3-04-01-01"
"15000065","RICE VINEGAR 600 ML","R2-04-01-01"
"27000012","MARJAN STRAWBERY 460 ML","R2-10-01-01"
"14000073","TOMATO KETCHUP ABC SACHET 1OGR","R3-07-02-01"
"23000009","WHITE COLATA CHOCOLATE  BLOCK 1 KG","OFFICE"
"37000093","BISCUIT OREO","R2-13-02-01"
"15000001","KECAP MANIS BANGO GLN 7 KG","R2-15-01-01"
"14000029","MERICA PORSI 250'S","R2-14-01-01"
"11000062","MUSHROOM WHOLE 425 GR","R3-03-01-01"
"14000027","GARAM PORSI 250'S","R3-01-01-01"
"15000054","TOMATO KETCHUP ABC BESAR 335 GR","R3-06-01-01"
"10000002","TUNA CHUNK SUN BELL 185 GR","R2-10-02-01"
"18000035","KELOGS CORN FLAKES  500 GR","R3-08-02-01"
"14000176","JAY'S PAPRIKA POWDER 70 GR","R3-02-02-01"
"15000024","APPLE VINEGAR HEINZ 16 OZ","R2-04-01-01"
"05000067","TEPUNG KANJI ROSE BRAND 500 GR","F1-01-01-01"
"20000065","FUSILLI LAFONTE 500 GR","R2-05-01-01"
"12000005","GREEN OLIVE FIGARO 450 GR","R2-04-01-01"
"11000089","BACKED BEAN 425 GR","R2-10-01-01"
"20000060","CHIFFRI RIGATE (MACARONI) 500 GR LAVONTE","R2-07-02-01"
"15000063","CHILI S.DELMONTE 340 GR","R2-06-01-01"
"15000085","BEEF POWDER KNORR 1 KG","R2-11-02-01"
"08000010","SUSU KENTAL MANIS PUTIH CAP ENAK","R3-03-01-01"
"15000019","MAGGI SEASONING JUMBO 800 ML","R2-06-01-01"
"17000047","AGAR-AGAR POWDER 5 GR","R3-04-02-01"
"45000002","CRENGKLE 1 KG","FREEZER"
"14000004","MERICA BUBUK /KG","F5-01-01-01"
"17000043","FERMIPAN COKLAT 500 GR","R2-15-02-01"
"11000008","CORN CREAM STYLE DELMONTE 14.75 OZ","R2-10-01-01"
"16000057","MORIN TOPING COKLAT 310 GR","R2-04-02-01"
"40000004","MAESTRO MAYONISE 1KG REFIL","R2-02-01-01"
"15000105","SAMBAL BANGKOK KOKITA 400 GR","R2-06-01-01"
"20222312","SPAGETI BARILLA 1 KG NO 7","R2-07-01-01"
"16000031","SKIPPY PEANUT BUTTER CREAMY 500 GR","R2-15-02-01"
"17000041","RAISIN (KG)","F5-01-01-01"
"12000015","CHERRY RED MARACINO GALON","R2-04-01-01"
"15000044","HP SAUCE 9 OZ","R2-09-02-01"
"15000122","KECAP MANIS BANGO REFILL 720 ml","R2-07-02-01"
"08000045","SUSU KENTAL MANIS COKLAT CAP ENAK","R3-04-01-01"
"20000087","SOHUN NAGA 500 GR","R2-05-01-01"
"18000008","RICE CRISSPY KELOGS 13O GR","R2-06-02-01"
"14000170","JAY'S OREGANO 25 GR","R3-02-02-01"
"15000141","HOISIN SAUCE LKK 240 GR","R2-04-01-01"
"24000003","BUMBU RENDANG BAMBOE 35 GR","R3-03-02-01"
"15000035","SAUCE BBQ DELMONTE 388 GR","R2-04-02-01"
"20000055","MIE SEDAP CUP KUAH","R3-08-02-01"
"14000188","BUMBU SOTO AYAM BAMBOE 40 GR","R3-03-02-01"
"14000196","SAORI SAUCE TIRAM 1 LITER","R2-06-01-01"
"14000122","CURRY MADRAS WANG FU 450 GR","R2-06-01-01"
"16000016","SKIPPY PEANUT BUTTER CHUNKY 500 GR","R2-15-02-01"
"27000011","MARJAN MELON 460 ML","R2-10-01-01"
"45000021","CRR POTATO WEDGES 2.5 KG","FREEZER"
"20000090","BIHUN JAGUNG 300 GR","R2-17-02-01"
"15000027","KECAP ASIN BESAR ABC 625 ML","R2-02-01-01"
"15000051","SAMBAL ABC 335 ML","R3-06-01-01"
"05000004","TEPUNG TERIGU DOUBLE ZERO 1 KG","F1-01-01-01"
"27000008","MARJAN COCOPANDAN 460","R2-12-01-01"
"23000015","COCOA VAN HOUTEN 165 GR","R3-07-02-01"
"14000003","MERICA BIJI HITAM BERAT /KG","F5-01-01-01"
"25000023","TEA BAG ENGLISH BREAKFAST","R2-05-02-01"
"15000064","SAUCE INGGRIS SEDAP WANGI 625 ML","R3-06-01-01"
"15000003","KECAP ASIN ABC GLN 6 LTR","R2-09-01-01"
"16000006","JAM ORANGE BANNER GLN 2,5KG","R2-14-01-01"
"16000058","MORIN TOPING STRAWBERY 310 GR","R2-04-02-01"
"17000141","BLOCK CHEESE KRAF 2 KG","R2-13-02-01"
"14000171","JAY'S ROSEMARY 40 GR","R3-02-02-01"
"29000003","AQUA 1500 ML.","F1-01-01-01"
"30000044","SODA WATER PET 250 ML( BOTOL )","R3-03-01-01"
"18000036","FROOT LOOPS KELLOG 300 gr","R3-06-02-01"
"39000001","KERUPUK BELINJO KECIL","F5-01-01-01"
"29000008","BUAVITA  ORANGE 245 ml","R2-07-02-01"
"17000134","BLOCK CHESE KRAFT 165 GR","R2-13-02-01"
"15000008","CHILI DELMONTE GALON","R2-15-01-01"
"09000001","CRAB MEAT MARTEL /REX 170 GR","R2-10-02-01"
"29000006","AQUA GELAS 220 ML.","F1-01-01-01"
"11000014","BAMBOO SHOOTS MALING/WILMON","R2-09-02-01"
"11000090","CIRIO CHICKPEAS ( GARBANZO )","R2-10-02-01"
"12000003","CHERRY RED MARACINO 16 OZ","R2-02-01-01"
"58000167","MUSHROOM BLACK SITAKE 1 KG","F5-01-01-01"
"12000024","CHERRY RED DIANA GLN","R2-02-01-01"
"29000013","BUAVITA GUAVA/JAMBU 245 ML","R2-07-02-01"
"11000039","CIRIO KIDNEY BEANS","R2-12-02-01"
"11000018","MUSHROOM SOY 592 GR","R3-06-01-01"
"14000197","TOTOLE KALDU JAMUR 1 KG","R2-12-01-01"
"16000059","MORIN TOPING CARAMEL 310 GR","R2-04-02-01"
"45000020","WEDGES POTATO CUT 2.26 KG","FREEZER"
"17000062","LASAGNE AGNESI 500 GR","R2-02-02-01"
"14000172","JAY'S CINAMON POWDER 75 g","R3-02-02-01"
"14000165","JAY'S BAY LEAVES 8 GR","R3-02-02-01"
"14000173","JAY'S THYME 27 GR","R3-02-02-01"
"18000009","WHITE OAT LIGO 500 G","R2-03-02-01"
"30000062","TEA BAG GREEN TEA","R2-05-02-01"
"15000060","SAOS AYAM FINNA 600 ML","R2-06-01-01"
"14000057","SUPERIOR LIGHT SOY PRB 620 ML","R2-04-01-01"
"39000011","KERUPUK BAWANG FINNA","R2-06-02-01"
"05000013","CUSTARD POWDER FINO 300 GR","R2-17-02-01"
"19000007","JAMUR KUPING RRT 1 KG / BLACK FUNGUSE","F5-01-01-01"
"15000154","SUN KARA 200 ML","R2-17-02-01"
"74000008","ASPARAGUS TIP&CUT  430 GR","R2-10-02-01"
"27000001","MARJAN VANILA 460 ML","R2-10-01-01"
"14000022","BUMBU KARE BAMBOE 35 GR","R3-03-02-01"
"14000167","JAY'S BASIL 20 GR","R3-02-02-01"
"25000011","SOSRO GREEN TEA 25 PCS","R2-03-02-01"
"25000024","TEA  BAG PEPPERMINT","R2-05-02-01"
"45000003","SHOESTRING 01 KG","FREEZER"
"05000042","SELF RAISIN FLOUR 10 KG","F1-01-01-01"
"25000025","TEA BAG EARL GREY","R2-05-02-01"
"11000019","STRAW MUSHROOM TTS  15 OZ","R3-04-02-01"
"29000034","JUNGLE JUICE PINEAPPLE 1 LTR","OFFICE"
"15000143","SAOS AYAM FINA/DIPPING FOR CHICKEN 6 KG","R2-17-01-01"
"29000056","JUNGLE JUICE LEMON 1 LTR","OFFICE"
"29000027","JUNGLE JUICE ORANGE 1 LTR","OFFICE"
"25000030","TEA BAG JASMINE TEA","R2-05-02-01"
"25000026","TEA BAG CHAMOMILE","R2-05-02-01"
"20000036","LASAGNA BARILLA 500 GR","R2-03-02-01"
"20000044","KWE-TIAW KERING JI FAN HO FUN 280 gr","R1-02-01-01"
"28000012","GINGERALE SWEEPES","R3-03-01-01"
"01000024","TEPUNG BUMBU KOBE 850 gr","R2-04-02-01"
"11000011","GREEN PEAS KW 1 MALING 440 GR","R2-10-02-01"
"02000007","MINYAK FORTUNE 18 LTR","R2-11-01-01"
"29000064","BUAVITA JAMBU 1 LTR","R2-07-02-01"
"28000006","SODA WATER CAN SWEEPE( KALENG)","R3-03-01-01"
"14000024","BUMBU GULE BAMB0E 35 GR","R3-03-02-01"
,"BALITAZA ARTISAN MORINGA GINGGER TEA BOX",
"15000034","FISH SAUCE FINNA","R2-04-01-01"
"17000080","AMANDA MARGARIN PUTIH 15 KG","R2-17-01-01"
"15000037","ANG CIU LONCENG  625 ML","R3-03-01-01"
"20000071","MIE SEDAP GORENG","R3-08-02-01"
"15000025","HOISIN SAUCE LKK 2.27 KG","R2-06-02-01"
"20222311","MIE SEDAP KUAH SOTO","R3-08-02-01"
"14000101","BUMBU RAWON BAMBU 54 GR","R3-03-02-01"
"14000124","BUMBU OPOR BAMB0E 56 GR","R3-03-02-01"
"25000019","TEA BAG BLACK TEA","R2-05-02-01"
"01000002","BERAS PUTRI 5 KG ( KECIL )","F1-01-01-01"
"79000013","PLASTIK SAMPAH HITAM BESAR","F4-01-01-01"
"14000192","BEST CLING WRAP 45X500","R2-18-01-01"
"79000036","PLASTIK SAMPAH HITAM 100X125X04 (KSC)","F4-01-01-01"
"69000002","LIGENT 04 LTR","F3-01-01-01"
"69000015","SUNLIGHT GALON 4.5 LTR","F3-01-01-01"
"72000043","GLADE AEROSOL 350 ML","F4-01-01-01"
"70000002","BAYCLIN PEMUTIH 4 LTR","F3-01-01-01"
"75000029","BAYGON AEROSOL 6OOGR ( BIRU)","S1-04-03-01"
"69000004","SUNLIGHT REFILL 560 ML","F3-01-01-01"
"78000002","SPON CUCI DOUBLE","R2-06-02-01"
"73000172","PORSTEK 2LTR","F3-01-01-01"
"72000011","HAND SOAP YURI","F3-01-01-01"
"77000025","PLASTIK SAMPAH HITAM 50X60","F4-01-01-01"
"72000010","AGANOL PEMBERSIH LANTAI 3,7 L","F3-01-01-01"
"72000016","GO GETTER","F3-01-01-01"
"82000016","LILIN SUJARU/PENDEK (BESAR )","F3-01-01-01"
"77000028","PLASTIK SAMPAH HITAM KECIL ISI 100(40x60)","F4-01-01-01"
"68000001","RINSO 770 GR ( BIASA )","F3-01-01-01"
"72000014","GLANCE GLASS CLEANER","F3-01-01-01"
"80000002","PLASTIK 2 KG","S1-01-03-01"
"75000017","HIT AEROSOL 600 ML","S1-03-01-01"
"75000026","BAYGON AEROSOL 600 ML LAVENDER( HIJAU)","F4-01-01-01"
"69000008","MAMA LEMON 5 LITER ( GALON )","F3-01-01-01"
"69000003","MAMA LEMON  680 ML","F3-01-01-01"
"74000005","HAND GLOVES 100 PS ( SARUNG TANGAN )","R2-18-02-01"
"80000003","PLASTIK 1 KG","S1-01-03-01"
"72000008","SO KLIN PEMBERSIH LANTAI 3 L","F3-01-01-01"
"75000014","BAYGON BAKAR LAVENDER","F3-01-01-01"
"75000013","BAYGON AEROSOL 275 ML BLUE","S1-03-01-01"
"75000041","STELLA AEROSOL 400 ML","S1-02-02-01"
"77000029","UNIK KAWAT CUCI","R2-16-02-01"
"79000024","STERNO PADAT","F3-01-01-01"
"07400008","HAND GLOVES HITAM ( SIZE M )","R2-18-02-01"
"82000014","TOOTH PICK PORTION","F3-01-01-01"
"79000040","FRESH WRAP 45X500","R3-04-02-01"
"77000033","PLASTIK SAMPAH HITAM 60X80","F4-01-01-01"
"79000046","PAPER CUP 9 OZ COFFE TIME+HANDLE (HOT )","R3-07-02-01"
"72000032","BEBEK KLOSET 450 ML","F4-01-01-01"
"69000013","RINSO MOLTO CAIR POUCH 700 ML","F3-01-01-01"
"69000012","SABUN WINGS BIRU 3 KG","F3-01-01-01"
"80000007","TAS KRESEK PUTIH","S1-01-02-01"
"79000003","TAS KRESEK JUMBO PUTIH","S1-01-01-01"
"74000002","ISI BAGUS PINGPONG","S1-04-02-01"
"79000035","STRAW PORTION 500 PCS","F4-01-01-01"
"79000045","PAPPER CUP 9 OZ","R3-07-02-01"
"84000002","VIXAL PORSELAIN 750 ML","F4-01-01-01"
"72000013","CONG'R DUST","F4-01-01-01"
"82000011","TUSUK SATE ( PACK )","F3-01-01-01"
"62000061","VIXAL 2 LTR","F4-01-01-01"
"82000007","LILIN PENDEK 2 CM","F3-01-01-01"
"80000014","KERTAS KWARTO 70 GR (A4)","S1-04-01-01"
"70000007","MOLTO PEWANGI 780 ML","F4-01-01-01"
"75000011","STELLA ALL IN ONE","S1-03-04-01"
"820000027","DUPA CINA 2 kg","R3-01-02-01"
"70000013","BAYCKLIN 1 LTR","F3-01-01-01"
"77000035","PLASTIK SAMPAH KUNING 90X100","F4-01-01-01"
"77000030","PLASTIK SAMPAH KUNING 50X60","S1-04-03-01"
"72000035","PLEDGE JOHNSON 330 ML","S1-03-02-01"
"77000033","PLASTIK SAMPAH HITAM 90X100 ( TEBAL )","F4-01-01-01"
"80000016","KERTAS KWARTO SINAR DUNIA 80 gr","S1-02-04-01"
"80000005","PLASTIK 1/2 KG","S1-01-03-01"
"80000098","KERTAS MAS","R3-01-02-01"
"79000042","FRESH WRAP REFIL 30 CM","R3-04-02-01"
"73000197","PLASTIK SAMPAH PUTIH 50X60","F4-01-01-01"
"72000036","PLEDGE FURNT POLISH 170ML","F4-01-01-01"
"82000006","LILIN PANJANG MERAH","R3-01-02-01"
"72000033","CLEAR POUCH REFILL 400 ML","F4-01-01-01"
"72000021","SO KLIN DETERJEN","F4-01-01-01"
"79000048","CHOP STIK ( SUMPIT ) KAYU","F3-01-01-01"
"79000004","PLASTIK SAMPAH PUTIH BESAR ( 50 LM )","S1-04-02-01"
"07400009","HAND GLOVES PLASTIK","S1-01-04-01"
"77000032","STELLAMATIC  REFIL 160 ML","S1-04-02-01"
"77000036","PLASTIK SAMPAH KUNING 60X80","S1-03-02-01"
"73000051","KERTAS NASI","S1-02-03-01"
"68000006","RINSO MATIC LIQUID 4.5 LITER","F3-01-01-01"
"80000009","TAS KRESEK JUMBO MERAH","S1-01-01-01"
"80000004","PLASTIK 1/4 KG","S1-01-03-01"
"77000026","PLASTIK SAMPAH PUTIH 60x100","F4-01-01-01"
"79000011","ALUMINIUM FOIL BEST FRESH 45X75 ( BESAR )","R2-11-02-01"
"72000048","HAND SOAP YURI REFIL 375 ML","S1-03-03-01"
"07400006","HAND GLOVE SEAGUARD NITRIL SIZE L","R2-18-02-01"
"78000001","SPON POLOS","R2-18-02-01"
"72000044","SO KLIN PEWANGI 800 ML","S1-03-02-01"
"80000039","ISI STAPLES KECIL","S1-02-04-01"
"80000021","BUKU FOLIO PINGGUIN","S1-02-04-01"
"72000052","SHIN UP 2 LTR","S1-03-03-01"
"79000002","TAS KRESEK POLENG","S1-01-02-01"
"74000008","BAGUS SERAP AIR  REFIL","S1-04-04-01"
"72000009","TAFF 500 ML","S1-02-02-01"
"77000027","PLASTIK SAMPAH PUTIH KECIL 100 LMB (40x60)","F4-01-01-01"
"80000011","KERTAS NASI BUNGA isi 200","S1-02-03-01"
"74000001","ISI BAGUS KECIL","S1-04-04-01"
"80000019","BUKU TULIS KWARTO B.","S1-02-04-01"
"80000015","KERTAS FOLIO 70GR S.DUNIA(F4)","S1-02-03-01"
"80000026","KERTAS FOLIO 80 GRAM SIDU","S1-02-02-01"
"80000010","TAS KRESEK HITAM","S1-01-02-01"
"80000028","PAPER CLIP NO 01","S1-02-04-01"
"75000005","BEBEK HANG INS REFIL 48 GR","S1-04-04-01"
"78000010","KOREK API KECIL","S1-02-04-01"
"77000011","KAWAT CUCI","F4-01-01-01"
"72000019","NEW AXI 4 LTR","F3-01-01-01"
"80000033","PULPEN SNOWMAN - STABILO","OFFICE"
"80000027","PAPER CLIP NO 03","S1-02-04-01"
"80000040","ISI STAPLES BESAR","S1-02-04-01"
"80000024","PAPER CLIP NO.5/JUMBO","S1-02-04-01"
"80000008","TAS KRESEK KECIL","S1-01-03-01"
"84000003","WIPOL 750 ML ( POUCH )","F4-01-01-01"
"85000004","GAS WONDERFULL","S1-01-04-01"
"85000005","GAS HII COOK","S1-03-04-01"
"75000040","HIT MAT SACHET 48'S","S1-03-03-01"
"20222313","FETTUCINI SAN RIMO 500 GR","R2-03-02-01"
"15000110","SUN KARA 1 LTR","R2-01-01-01"
"18000020","KELOGS CORN FLAKES 275 GR","R2-06-02-01"
"20000033","SPAGHETTI SANRIMO","R2-06-02-01"
"02000035","POMACE OLIVE OIL 5 LITER","R2-04-02-01"
"14000009","KNORR DEMI GLACE 1 X 12 X 1 KG","R2-09-01-01"
"17000060","S 5OO","R2-11-02-01"
"16000046","NUTELLA 680 GR","R2-13-02-01"
"28000028","RED BULL 24X250 ML","R2-13-02-01"
"27000005","MANGGO SUNQUICK 700 ML","R2-12-02-01"
"69000018","SHILOW CUCI PIRING 5 LITER","F3-01-01-01"
"02000037","SUFI EXTRA VIRGIN OLIVE OIL 250 ML","F1-01-01-01"
"02000038","SUFI EXTRA VIRGIN OLIVE OIL 500 ML","F1-01-01-01"
"02000036","SUFI EXTRA VIRGIN OLIVE OIL 750 ML","F1-01-01-01"
"02000039","SUFI POMACE OLIVE OIL 5 LITER","F1-01-01-01"
